{"stats":{"minecraft:picked_up":{"minecraft:dirt":7},"minecraft:custom":{"minecraft:jump":62,"minecraft:time_since_rest":5175,"minecraft:crouch_one_cm":166,"minecraft:sprint_one_cm":4533,"minecraft:play_time":5175,"minecraft:damage_taken":80,"minecraft:time_since_death":5175,"minecraft:walk_one_cm":1864,"minecraft:sneak_time":101,"minecraft:total_world_time":5175,"minecraft:fall_one_cm":2775,"minecraft:fly_one_cm":13300},"minecraft:mined":{"minecraft:grass_block":6,"minecraft:dirt":1}},"DataVersion":3465}